#title,My exam bank
#description,What this bank covers. Shown on the bank page.
#questionCount,60
#timeLimitMinutes,90
#passMarkPercent,70
#weight,Topic one,60
#weight,Topic two,40
id,question,A,B,C,D,E,answer,explanation,topic,unverified
q001,Single-answer example: which option is correct?,First option,Second option,Third option,Fourth option,,B,Optional. Shown after you answer.,Topic one,
q002,Multi-answer example: which TWO options are correct?,First option,Second option,Third option,Fourth option,Fifth option,A;D,You only get it right if you pick exactly the correct set.,Topic one,
q003,Unverified example: an answer you haven't confirmed yet.,First option,Second option,Third option,,,C,,Topic two,yes
